{"stats":{"minecraft:picked_up":{"pvz_zengarden:zengarden_guide":1,"minecraft:gunpowder":2},"minecraft:used":{"minecraft:netherite_sword":15},"minecraft:custom":{"minecraft:jump":91,"minecraft:open_chest":4,"minecraft:time_since_rest":4501,"minecraft:damage_dealt":1421,"minecraft:crouch_one_cm":106,"minecraft:sprint_one_cm":4558,"minecraft:play_time":5245,"minecraft:time_since_death":5245,"minecraft:walk_one_cm":10062,"minecraft:climb_one_cm":202,"minecraft:sleep_in_bed":1,"minecraft:sneak_time":28,"minecraft:total_world_time":5245,"minecraft:mob_kills":3,"minecraft:interact_with_crafting_table":1,"minecraft:fly_one_cm":57847,"minecraft:damage_dealt_resisted":223},"minecraft:killed":{"duckensinvasion:axethrower":1,"minecraft:creeper":2}},"DataVersion":3465}